Workbook

Sheet Questions & Solutions
A1: Sample Data
A2: Data as-of Sep 23, 2022
A3: HCP is Active if there is a last dispense in the last 4 months
A5: Questions: | B5: Solutions in
A6: Add a random unique identifier for each HCP | B6: Done in sheet name- Avg_Patients & Dispenses, column 1 (name- Q1- HCP Unique Identifier)
A7: Top 5 specialities by enrollment? | B7: Sheet name-Q2_Top_5_Specialties
A8: HCP counts by Rx duration bucket (i.e. how long HCPs have been writing Rx)? | B8: Sheet name-Q3_Rx_Duration_Bucket
A9: What is the average enrollment by HCP Rx duration buckets? | B9: Sheet name-Q4_Avg_Enrollment_By_Rx_Bucket
A10: what is the average NPS / HCP for HCPs who started writing in 2021 vs. 2022? | B10: Sheet name-Q5_Avg_NPS_2021_vs_2022
A11: Are there differences in HCPs who started writing in 2021 vs. 2022? | B11: Sheet name-Q6_2021_vs_2022

Sheet Avg_Patients  & Dispenses
B1: Q1- HCP Unique Identifier | C1: Specialty | D1: Date of 1st Dispense | E1: Rx_Start_Year | F1: Date of last Dispense | G1: Enrollments | H1: NPS | I1: Discontinuations | J1: Area Name | K1: Active HCP | L1: Rx_Duration_Bucket
B2: ="HCP_"&Table1[[#This Row],[Specialty]]&Table1[[#This Row],[Rx_Start_Year]]&Table1[[#This Row],[Area Name]]&Table1[[#This Row],[Enrollments]]&Table1[[#This Row],[NPS]]&Table1[[#This Row],[Discontinuations]] -> HCP_AI2021SOUTHEAST70027 | C2: AI | D2: 44495 | E2: =TEXT(D2,"yyyy") -> 2021 | F2: 44617 | G2: 70 | H2: 0 | I2: 27 | J2: SOUTHEAST | K2: Inactive | L2: =IF(I1<=1,"0-1 Years", IF(I1<=3,"1-3 Years", IF(I1<=5,"3-5 Years", IF(I1<=10,"5-10 Years", "10+ Years")))) -> 10+ Years
B3: ="HCP_"&Table1[[#This Row],[Specialty]]&Table1[[#This Row],[Rx_Start_Year]]&Table1[[#This Row],[Area Name]]&Table1[[#This Row],[Enrollments]]&Table1[[#This Row],[NPS]]&Table1[[#This Row],[Discontinuations]] -> HCP_PDA2021MIDWEST70109 | C3: PDA | D3: 44257 | E3: =TEXT(D3,"yyyy") -> 2021 | F3: 44732 | G3: 70 | H3: 10 | I3: 9 | J3: MIDWEST | K3: Inactive | L3: =IF(I2<=1,"0-1 Years", IF(I2<=3,"1-3 Years", IF(I2<=5,"3-5 Years", IF(I2<=10,"5-10 Years", "10+ Years")))) -> 10+ Years
B4: ="HCP_"&Table1[[#This Row],[Specialty]]&Table1[[#This Row],[Rx_Start_Year]]&Table1[[#This Row],[Area Name]]&Table1[[#This Row],[Enrollments]]&Table1[[#This Row],[NPS]]&Table1[[#This Row],[Discontinuations]] -> HCP_AI2021MIDWEST70821 | C4: AI | D4: 44252 | E4: =TEXT(D4,"yyyy") -> 2021 | F4: 44825 | G4: 70 | H4: 8 | I4: 21 | J4: MIDWEST | K4: Active | L4: =IF(I3<=1,"0-1 Years", IF(I3<=3,"1-3 Years", IF(I3<=5,"3-5 Years", IF(I3<=10,"5-10 Years", "10+ Years")))) -> 5-10 Years
B5: ="HCP_"&Table1[[#This Row],[Specialty]]&Table1[[#This Row],[Rx_Start_Year]]&Table1[[#This Row],[Area Name]]&Table1[[#This Row],[Enrollments]]&Table1[[#This Row],[NPS]]&Table1[[#This Row],[Discontinuations]] -> HCP_AI2021CENTRAL70930 | C5: AI | D5: 44236 | E5: =TEXT(D5,"yyyy") -> 2021 | F5: 44823 | G5: 70 | H5: 9 | I5: 30 | J5: CENTRAL | K5: Active | L5: =IF(I4<=1,"0-1 Years", IF(I4<=3,"1-3 Years", IF(I4<=5,"3-5 Years", IF(I4<=10,"5-10 Years", "10+ Years")))) -> 10+ Years
B6: ="HCP_"&Table1[[#This Row],[Specialty]]&Table1[[#This Row],[Rx_Start_Year]]&Table1[[#This Row],[Area Name]]&Table1[[#This Row],[Enrollments]]&Table1[[#This Row],[NPS]]&Table1[[#This Row],[Discontinuations]] -> HCP_AI2020WEST704822 | C6: AI | D6: 44182 | E6: =TEXT(D6,"yyyy") -> 2020 | F6: 44330 | G6: 70 | H6: 48 | I6: 22 | J6: WEST | K6: Inactive | L6: =IF(I5<=1,"0-1 Years", IF(I5<=3,"1-3 Years", IF(I5<=5,"3-5 Years", IF(I5<=10,"5-10 Years", "10+ Years")))) -> 10+ Years
B7: ="HCP_"&Table1[[#This Row],[Specialty]]&Table1[[#This Row],[Rx_Start_Year]]&Table1[[#This Row],[Area Name]]&Table1[[#This Row],[Enrollments]]&Table1[[#This Row],[NPS]]&Table1[[#This Row],[Discontinuations]] -> HCP_AI2020WEST703123 | C7: AI | D7: 44168 | E7: =TEXT(D7,"yyyy") -> 2020 | F7: 44819 | G7: 70 | H7: 31 | I7: 23 | J7: WEST | K7: Active | L7: =IF(I6<=1,"0-1 Years", IF(I6<=3,"1-3 Years", IF(I6<=5,"3-5 Years", IF(I6<=10,"5-10 Years", "10+ Years")))) -> 10+ Years
B8: ="HCP_"&Table1[[#This Row],[Specialty]]&Table1[[#This Row],[Rx_Start_Year]]&Table1[[#This Row],[Area Name]]&Table1[[#This Row],[Enrollments]]&Table1[[#This Row],[NPS]]&Table1[[#This Row],[Discontinuations]] -> HCP_AI2020WEST70924 | C8: AI | D8: 44132 | E8: =TEXT(D8,"yyyy") -> 2020 | F8: 44558 | G8: 70 | H8: 9 | I8: 24 | J8: WEST | K8: Inactive | L8: =IF(I7<=1,"0-1 Years", IF(I7<=3,"1-3 Years", IF(I7<=5,"3-5 Years", IF(I7<=10,"5-10 Years", "10+ Years")))) -> 10+ Years | N8: Sample Data
B9: ="HCP_"&Table1[[#This Row],[Specialty]]&Table1[[#This Row],[Rx_Start_Year]]&Table1[[#This Row],[Area Name]]&Table1[[#This Row],[Enrollments]]&Table1[[#This Row],[NPS]]&Table1[[#This Row],[Discontinuations]] -> HCP_AI2020WEST70410 | C9: AI | D9: 44117 | E9: =TEXT(D9,"yyyy") -> 2020 | F9: 44824 | G9: 70 | H9: 4 | I9: 10 | J9: WEST | K9: Active | L9: =IF(I8<=1,"0-1 Years", IF(I8<=3,"1-3 Years", IF(I8<=5,"3-5 Years", IF(I8<=10,"5-10 Years", "10+ Years")))) -> 10+ Years | N9: Data as-of Sep 23, 2022
B10: ="HCP_"&Table1[[#This Row],[Specialty]]&Table1[[#This Row],[Rx_Start_Year]]&Table1[[#This Row],[Area Name]]&Table1[[#This Row],[Enrollments]]&Table1[[#This Row],[NPS]]&Table1[[#This Row],[Discontinuations]] -> HCP_AI2020CENTRAL703616 | C10: AI | D10: 44091 | E10: =TEXT(D10,"yyyy") -> 2020 | F10: 44543 | G10: 70 | H10: 36 | I10: 16 | J10: CENTRAL | K10: Inactive | L10: =IF(I9<=1,"0-1 Years", IF(I9<=3,"1-3 Years", IF(I9<=5,"3-5 Years", IF(I9<=10,"5-10 Years", "10+ Years")))) -> 5-10 Years | N10: HCP is Active if there is a last dispense in the last 4 months
B11: ="HCP_"&Table1[[#This Row],[Specialty]]&Table1[[#This Row],[Rx_Start_Year]]&Table1[[#This Row],[Area Name]]&Table1[[#This Row],[Enrollments]]&Table1[[#This Row],[NPS]]&Table1[[#This Row],[Discontinuations]] -> HCP_AI2020NORTHEAST702030 | C11: AI | D11: 44033 | E11: =TEXT(D11,"yyyy") -> 2020 | F11: 44179 | G11: 70 | H11: 20 | I11: 30 | J11: NORTHEAST | K11: Inactive | L11: =IF(I10<=1,"0-1 Years", IF(I10<=3,"1-3 Years", IF(I10<=5,"3-5 Years", IF(I10<=10,"5-10 Years", "10+ Years")))) -> 10+ Years
B12: ="HCP_"&Table1[[#This Row],[Specialty]]&Table1[[#This Row],[Rx_Start_Year]]&Table1[[#This Row],[Area Name]]&Table1[[#This Row],[Enrollments]]&Table1[[#This Row],[NPS]]&Table1[[#This Row],[Discontinuations]] -> HCP_AI2022WEST692826 | C12: AI | D12: 44592 | E12: =TEXT(D12,"yyyy") -> 2022 | F12: 44804 | G12: 69 | H12: 28 | I12: 26 | J12: WEST | K12: Active | L12: =IF(I11<=1,"0-1 Years", IF(I11<=3,"1-3 Years", IF(I11<=5,"3-5 Years", IF(I11<=10,"5-10 Years", "10+ Years")))) -> 10+ Years | N12: Questions:
B13: ="HCP_"&Table1[[#This Row],[Specialty]]&Table1[[#This Row],[Rx_Start_Year]]&Table1[[#This Row],[Area Name]]&Table1[[#This Row],[Enrollments]]&Table1[[#This Row],[NPS]]&Table1[[#This Row],[Discontinuations]] -> HCP_AI2021WEST69191 | C13: AI | D13: 44376 | E13: =TEXT(D13,"yyyy") -> 2021 | F13: 44817 | G13: 69 | H13: 19 | I13: 1 | J13: WEST | K13: Active | L13: =IF(I12<=1,"0-1 Years", IF(I12<=3,"1-3 Years", IF(I12<=5,"3-5 Years", IF(I12<=10,"5-10 Years", "10+ Years")))) -> 10+ Years | N13: Add a random unique identifier for each HCP
B14: ="HCP_"&Table1[[#This Row],[Specialty]]&Table1[[#This Row],[Rx_Start_Year]]&Table1[[#This Row],[Area Name]]&Table1[[#This Row],[Enrollments]]&Table1[[#This Row],[NPS]]&Table1[[#This Row],[Discontinuations]] -> HCP_IG2021MIDWEST693218 | C14: IG | D14: 44228 | E14: =TEXT(D14,"yyyy") -> 2021 | F14: 44816 | G14: 69 | H14: 32 | I14: 18 | J14: MIDWEST | K14: Active | L14: =IF(I13<=1,"0-1 Years", IF(I13<=3,"1-3 Years", IF(I13<=5,"3-5 Years", IF(I13<=10,"5-10 Years", "10+ Years")))) -> 0-1 Years | N14: Top 5 specialities by enrollment?
B15: ="HCP_"&Table1[[#This Row],[Specialty]]&Table1[[#This Row],[Rx_Start_Year]]&Table1[[#This Row],[Area Name]]&Table1[[#This Row],[Enrollments]]&Table1[[#This Row],[NPS]]&Table1[[#This Row],[Discontinuations]] -> HCP_FM2021NORTHEAST681214 | C15: FM | D15: 44291 | E15: =TEXT(D15,"yyyy") -> 2021 | F15: 44607 | G15: 68 | H15: 12 | I15: 14 | J15: NORTHEAST | K15: Inactive | L15: =IF(I14<=1,"0-1 Years", IF(I14<=3,"1-3 Years", IF(I14<=5,"3-5 Years", IF(I14<=10,"5-10 Years", "10+ Years")))) -> 10+ Years | N15: HCP counts by Rx duration bucket (i.e. how long HCPs have been writing Rx)?
B16: ="HCP_"&Table1[[#This Row],[Specialty]]&Table1[[#This Row],[Rx_Start_Year]]&Table1[[#This Row],[Area Name]]&Table1[[#This Row],[Enrollments]]&Table1[[#This Row],[NPS]]&Table1[[#This Row],[Discontinuations]] -> HCP_FM2021NORTHEAST681416 | C16: FM | D16: 44264 | E16: =TEXT(D16,"yyyy") -> 2021 | F16: 44825 | G16: 68 | H16: 14 | I16: 16 | J16: NORTHEAST | K16: Active | L16: =IF(I15<=1,"0-1 Years", IF(I15<=3,"1-3 Years", IF(I15<=5,"3-5 Years", IF(I15<=10,"5-10 Years", "10+ Years")))) -> 10+ Years | N16: What is the average enrollment by HCP Rx duration buckets?
B17: ="HCP_"&Table1[[#This Row],[Specialty]]&Table1[[#This Row],[Rx_Start_Year]]&Table1[[#This Row],[Area Name]]&Table1[[#This Row],[Enrollments]]&Table1[[#This Row],[NPS]]&Table1[[#This Row],[Discontinuations]] -> HCP_AI2020WEST682310 | C17: AI | D17: 44104 | E17: =TEXT(D17,"yyyy") -> 2020 | F17: 44287 | G17: 68 | H17: 23 | I17: 10 | J17: WEST | K17: Inactive | L17: =IF(I16<=1,"0-1 Years", IF(I16<=3,"1-3 Years", IF(I16<=5,"3-5 Years", IF(I16<=10,"5-10 Years", "10+ Years")))) -> 10+ Years | N17: what is the average NPS / HCP for HCPs who started writing in 2021 vs. 2022?
B18: ="HCP_"&Table1[[#This Row],[Specialty]]&Table1[[#This Row],[Rx_Start_Year]]&Table1[[#This Row],[Area Name]]&Table1[[#This Row],[Enrollments]]&Table1[[#This Row],[NPS]]&Table1[[#This Row],[Discontinuations]] -> HCP_AI2022CENTRAL67445 | C18: AI | D18: 44579 | E18: =TEXT(D18,"yyyy") -> 2022 | F18: 44803 | G18: 67 | H18: 44 | I18: 5 | J18: CENTRAL | K18: Active | L18: =IF(I17<=1,"0-1 Years", IF(I17<=3,"1-3 Years", IF(I17<=5,"3-5 Years", IF(I17<=10,"5-10 Years", "10+ Years")))) -> 5-10 Years | N18: Are there differences in HCPs who started writing in 2021 vs. 2022?
B19: ="HCP_"&Table1[[#This Row],[Specialty]]&Table1[[#This Row],[Rx_Start_Year]]&Table1[[#This Row],[Area Name]]&Table1[[#This Row],[Enrollments]]&Table1[[#This Row],[NPS]]&Table1[[#This Row],[Discontinuations]] -> HCP_AI2021WEST67174 | C19: AI | D19: 44412 | E19: =TEXT(D19,"yyyy") -> 2021 | F19: 44412 | G19: 67 | H19: 17 | I19: 4 | J19: WEST | K19: Inactive | L19: =IF(I18<=1,"0-1 Years", IF(I18<=3,"1-3 Years", IF(I18<=5,"3-5 Years", IF(I18<=10,"5-10 Years", "10+ Years")))) -> 3-5 Years
B20: ="HCP_"&Table1[[#This Row],[Specialty]]&Table1[[#This Row],[Rx_Start_Year]]&Table1[[#This Row],[Area Name]]&Table1[[#This Row],[Enrollments]]&Table1[[#This Row],[NPS]]&Table1[[#This Row],[Discontinuations]] -> HCP_AI2020MIDWEST67429 | C20: AI | D20: 44130 | E20: =TEXT(D20,"yyyy") -> 2020 | F20: 44824 | G20: 67 | H20: 4 | I20: 29 | J20: MIDWEST | K20: Active | L20: =IF(I19<=1,"0-1 Years", IF(I19<=3,"1-3 Years", IF(I19<=5,"3-5 Years", IF(I19<=10,"5-10 Years", "10+ Years")))) -> 3-5 Years
B21: ="HCP_"&Table1[[#This Row],[Specialty]]&Table1[[#This Row],[Rx_Start_Year]]&Table1[[#This Row],[Area Name]]&Table1[[#This Row],[Enrollments]]&Table1[[#This Row],[NPS]]&Table1[[#This Row],[Discontinuations]] -> HCP_PDA2021NORTHEAST671112 | C21: PDA | D21: 44258 | E21: =TEXT(D21,"yyyy") -> 2021 | F21: 44508 | G21: 67 | H21: 11 | I21: 12 | J21: NORTHEAST | K21: Inactive | L21: =IF(I20<=1,"0-1 Years", IF(I20<=3,"1-3 Years", IF(I20<=5,"3-5 Years", IF(I20<=10,"5-10 Years", "10+ Years")))) -> 10+ Years
B22: ="HCP_"&Table1[[#This Row],[Specialty]]&Table1[[#This Row],[Rx_Start_Year]]&Table1[[#This Row],[Area Name]]&Table1[[#This Row],[Enrollments]]&Table1[[#This Row],[NPS]]&Table1[[#This Row],[Discontinuations]] -> HCP_PDA2021SOUTHEAST67280 | C22: PDA | D22: 44235 | E22: =TEXT(D22,"yyyy") -> 2021 | F22: 44827 | G22: 67 | H22: 28 | I22: 0 | J22: SOUTHEAST | K22: Active | L22: =IF(I21<=1,"0-1 Years", IF(I21<=3,"1-3 Years", IF(I21<=5,"3-5 Years", IF(I21<=10,"5-10 Years", "10+ Years")))) -> 10+ Years
B23: ="HCP_"&Table1[[#This Row],[Specialty]]&Table1[[#This Row],[Rx_Start_Year]]&Table1[[#This Row],[Area Name]]&Table1[[#This Row],[Enrollments]]&Table1[[#This Row],[NPS]]&Table1[[#This Row],[Discontinuations]] -> HCP_PDA2021NORTHEAST674920 | C23: PDA | D23: 44207 | E23: =TEXT(D23,"yyyy") -> 2021 | F23: 44529 | G23: 67 | H23: 49 | I23: 20 | J23: NORTHEAST | K23: Inactive | L23: =IF(I22<=1,"0-1 Years", IF(I22<=3,"1-3 Years", IF(I22<=5,"3-5 Years", IF(I22<=10,"5-10 Years", "10+ Years")))) -> 0-1 Years
B24: ="HCP_"&Table1[[#This Row],[Specialty]]&Table1[[#This Row],[Rx_Start_Year]]&Table1[[#This Row],[Area Name]]&Table1[[#This Row],[Enrollments]]&Table1[[#This Row],[NPS]]&Table1[[#This Row],[Discontinuations]] -> HCP_AI2020WEST67364 | C24: AI | D24: 44130 | E24: =TEXT(D24,"yyyy") -> 2020 | F24: 44817 | G24: 67 | H24: 36 | I24: 4 | J24: WEST | K24: Active | L24: =IF(I23<=1,"0-1 Years", IF(I23<=3,"1-3 Years", IF(I23<=5,"3-5 Years", IF(I23<=10,"5-10 Years", "10+ Years")))) -> 10+ Years
B25: ="HCP_"&Table1[[#This Row],[Specialty]]&Table1[[#This Row],[Rx_Start_Year]]&Table1[[#This Row],[Area Name]]&Table1[[#This Row],[Enrollments]]&Table1[[#This Row],[NPS]]&Table1[[#This Row],[Discontinuations]] -> HCP_AI2020SOUTHEAST67332 | C25: AI | D25: 44095 | E25: =TEXT(D25,"yyyy") -> 2020 | F25: 44825 | G25: 67 | H25: 33 | I25: 2 | J25: SOUTHEAST | K25: Active | L25: =IF(I24<=1,"0-1 Years", IF(I24<=3,"1-3 Years", IF(I24<=5,"3-5 Years", IF(I24<=10,"5-10 Years", "10+ Years")))) -> 3-5 Years
B26: ="HCP_"&Table1[[#This Row],[Specialty]]&Table1[[#This Row],[Rx_Start_Year]]&Table1[[#This Row],[Area Name]]&Table1[[#This Row],[Enrollments]]&Table1[[#This Row],[NPS]]&Table1[[#This Row],[Discontinuations]] -> HCP_AI2021WEST663416 | C26: AI | D26: 44538 | E26: =TEXT(D26,"yyyy") -> 2021 | F26: 44820 | G26: 66 | H26: 34 | I26: 16 | J26: WEST | K26: Inactive | L26: =IF(I25<=1,"0-1 Years", IF(I25<=3,"1-3 Years", IF(I25<=5,"3-5 Years", IF(I25<=10,"5-10 Years", "10+ Years")))) -> 1-3 Years
B27: ="HCP_"&Table1[[#This Row],[Specialty]]&Table1[[#This Row],[Rx_Start_Year]]&Table1[[#This Row],[Area Name]]&Table1[[#This Row],[Enrollments]]&Table1[[#This Row],[NPS]]&Table1[[#This Row],[Discontinuations]] -> HCP_AI2021CENTRAL664011 | C27: AI | D27: 44459 | E27: =TEXT(D27,"yyyy") -> 2021 | F27: 44825 | G27: 66 | H27: 40 | I27: 11 | J27: CENTRAL | K27: Active | L27: =IF(I26<=1,"0-1 Years", IF(I26<=3,"1-3 Years", IF(I26<=5,"3-5 Years", IF(I26<=10,"5-10 Years", "10+ Years")))) -> 10+ Years
B28: ="HCP_"&Table1[[#This Row],[Specialty]]&Table1[[#This Row],[Rx_Start_Year]]&Table1[[#This Row],[Area Name]]&Table1[[#This Row],[Enrollments]]&Table1[[#This Row],[NPS]]&Table1[[#This Row],[Discontinuations]] -> HCP_AI2021WEST66115 | C28: AI | D28: 44453 | E28: =TEXT(D28,"yyyy") -> 2021 | F28: 44816 | G28: 66 | H28: 1 | I28: 15 | J28: WEST | K28: Active | L28: =IF(I27<=1,"0-1 Years", IF(I27<=3,"1-3 Years", IF(I27<=5,"3-5 Years", IF(I27<=10,"5-10 Years", "10+ Years")))) -> 10+ Years
B29: ="HCP_"&Table1[[#This Row],[Specialty]]&Table1[[#This Row],[Rx_Start_Year]]&Table1[[#This Row],[Area Name]]&Table1[[#This Row],[Enrollments]]&Table1[[#This Row],[NPS]]&Table1[[#This Row],[Discontinuations]] -> HCP_GP2021CENTRAL66830 | C29: GP | D29: 44452 | E29: =TEXT(D29,"yyyy") -> 2021 | F29: 44820 | G29: 66 | H29: 8 | I29: 30 | J29: CENTRAL | K29: Active | L29: =IF(I28<=1,"0-1 Years", IF(I28<=3,"1-3 Years", IF(I28<=5,"3-5 Years", IF(I28<=10,"5-10 Years", "10+ Years")))) -> 10+ Years
B30: ="HCP_"&Table1[[#This Row],[Specialty]]&Table1[[#This Row],[Rx_Start_Year]]&Table1[[#This Row],[Area Name]]&Table1[[#This Row],[Enrollments]]&Table1[[#This Row],[NPS]]&Table1[[#This Row],[Discontinuations]] -> HCP_PDA2021NORTHEAST66520 | C30: PDA | D30: 44368 | E30: =TEXT(D30,"yyyy") -> 2021 | F30: 44368 | G30: 66 | H30: 5 | I30: 20 | J30: NORTHEAST | K30: Inactive | L30: =IF(I29<=1,"0-1 Years", IF(I29<=3,"1-3 Years", IF(I29<=5,"3-5 Years", IF(I29<=10,"5-10 Years", "10+ Years")))) -> 10+ Years
... B393: ="HCP_"&Table1[[#This Row],[Specialty]]&Table1[[#This Row],[Rx_Start_Year]]&Table1[[#This Row],[Area Name]]&Table1[[#This Row],[Enrollments]]&Table1[[#This Row],[NPS]]&Table1[[#This Row],[Discontinuations]] -> HCP_PD2020MIDWEST0021 | C393: PD | D393: 43999 | E393: =TEXT(D393,"yyyy") -> 2020 | F393: 44825 | G393: 0 | H393: 0 | I393: 21 | J393: MIDWEST | K393: Active | L393: =IF(I392<=1,"0-1 Years", IF(I392<=3,"1-3 Years", IF(I392<=5,"3-5 Years", IF(I392<=10,"5-10 Years", "10+ Years")))) -> 5-10 Years

Sheet Q2_Top_5_Specialties
A3: Specialty | B3: Sum of Enrollments
A4: AI | B4: 10243
A5: PDA | B5: 1893
A6: PD | B6: 413
A7: A | B7: 392
A8: FM | B8: 331
A9: Grand Total | B9: 13272

Sheet Q3_Rx_Duration_Bucket
A3: Rx_Duration_Bucket | B3: HCP Count
A4: 0-1 Years | B4: 24
A5: 1-3 Years | B5: 32
A6: 3-5 Years | B6: 20
A7: 5-10 Years | B7: 59
A8: 10+ Years | B8: 257
A9: Grand Total | B9: 392

Sheet Q4_Avg_Enrollment_By_Rx_Bucket
A3: Rx Duration Bucket | B3: Average of Enrollments
A4: 0-1 Years | B4: 32.666667
A5: 1-3 Years | B5: 38.625
A6: 3-5 Years | B6: 35.6
A7: 5-10 Years | B7: 40.830508
A8: 10+ Years | B8: 34.486381
A9: Grand Total | B9: 35.72449

Sheet Q5_Avg_NPS_2021_vs_2022
A1: Year | B1: Average NPS per HCP
A2: 2021 | B2: =IFERROR( AVERAGEIFS( 'Avg_Patients & Dispenses'!H:H, 'Avg_Patients & Dispenses'!D:D, ">="&DATE(2021,1,1), 'Avg_Patients & Dispenses'!D:D, "<="&DATE(2021,12,31) ), "No data" ) -> 24.671569
A3: 2022 | B3: =IFERROR( AVERAGEIFS( 'Avg_Patients & Dispenses'!H:H, 'Avg_Patients & Dispenses'!D:D, ">="&DATE(2022,1,1), 'Avg_Patients & Dispenses'!D:D, "<="&DATE(2022,12,31) ), "No data" ) -> 26.578947

Sheet Q6_2021_vs_2022
A1: Metric | B1: 2021 | C1: 2022
A2: HCP Count | B2: =COUNTIFS( 'Avg_Patients & Dispenses'!D:D, ">="&DATE(2021,1,1), 'Avg_Patients & Dispenses'!D:D, "<="&DATE(2021,12,31) ) -> 204 | C2: =COUNTIFS( 'Avg_Patients & Dispenses'!D:D, ">="&DATE(2022,1,1), 'Avg_Patients & Dispenses'!D:D, "<="&DATE(2022,12,31) ) -> 19
A3: Average Enrollment | B3: =IFERROR( AVERAGEIFS( 'Avg_Patients & Dispenses'!G:G, 'Avg_Patients & Dispenses'!D:D, ">="&DATE(2021,1,1), 'Avg_Patients & Dispenses'!D:D, "<="&DATE(2021,12,31) ), "No data" ) -> 34.29902 | C3: =IFERROR( AVERAGEIFS( 'Avg_Patients & Dispenses'!G:G, 'Avg_Patients & Dispenses'!D:D, ">="&DATE(2022,1,1), 'Avg_Patients & Dispenses'!D:D, "<="&DATE(2022,12,31) ), "No data" ) -> 39.789474
A4: Average NPS | B4: =IFERROR( AVERAGEIFS( 'Avg_Patients & Dispenses'!H:H, 'Avg_Patients & Dispenses'!D:D, ">="&DATE(2021,1,1), 'Avg_Patients & Dispenses'!D:D, "<="&DATE(2021,12,31) ), "No data" ) -> 24.671569 | C4: =IFERROR( AVERAGEIFS( 'Avg_Patients & Dispenses'!H:H, 'Avg_Patients & Dispenses'!D:D, ">="&DATE(2022,1,1), 'Avg_Patients & Dispenses'!D:D, "<="&DATE(2022,12,31) ), "No data" ) -> 26.578947
